<?xml version="1.0" encoding="UTF-8"?>
<project-private xmlns="http://www.netbeans.org/ns/project-private/1">
    <editor-bookmarks xmlns="http://www.netbeans.org/ns/editor-bookmarks/2" lastBookmarkId="0"/>
    <open-files xmlns="http://www.netbeans.org/ns/projectui-open-files/2">
        <group>
            <file>file:/Users/ahnaffaiz/NetBeansProjects/Game%20Math/src/Penilaian/Penilaian.java</file>
            <file>file:/Users/ahnaffaiz/NetBeansProjects/Game%20Math/src/Perhitungan/Pengurangan.java</file>
            <file>file:/Users/ahnaffaiz/NetBeansProjects/Game%20Math/src/game/math/MainClass.java</file>
            <file>file:/Users/ahnaffaiz/NetBeansProjects/Game%20Math/src/Perhitungan/Penjumlahan.java</file>
        </group>
    </open-files>
</project-private>
